Issue id,Summary,Issue Type,Description,Labels,Parent
JD-E37,EVAL COVERAGE MATRIX (Post-MVP 3),Epic,"IMPLEMENTATION DETAILS:
Create missing eval sets for Post-MVP 3 agents.

EFFORT: S
PROJECT AREA: Testing
DEPENDENCIES: None
TESTING CRITERIA:
- Eval sets created

EDGE CASES:
N/A",Post-MVP3,
JD-137,Create evals/interview_prep/eval-set-v1.json,Task,"IMPLEMENTATION DETAILS:
Create evals/interview_prep/eval-set-v1.json using DeepEval + Ragas metrics, ensure CONTRACT.md Eval Set Reference points to it, and runs successfully via CI.

EFFORT: S
PROJECT AREA: Testing
DEPENDENCIES: None
TESTING CRITERIA:
- Eval set created and runs successfully via CI

EDGE CASES:
N/A",Post-MVP3,JD-E37
